stock_id,model_name,mse,qlike,r^2
0,WLS,0.003520252919285419,0.02669760883340845,0.7545660984735356
0,Random Forest,0.00432876764176325,0.04644606805046013,0.6141052334734203
0,LSTM,0.003600439334207836,0.03202950003995877,0.7324312525934358
0,Transformer,0.003769674633982563,0.033226186018922264,0.6732694792712528
1,WLS,0.004467150578771293,0.0252321449363258,0.6458472579192369
1,Random Forest,0.0023399244800839246,0.008285950681321754,0.6817814284814804
1,LSTM,0.004793226933629238,0.044232705220238,0.6802814542405479
1,Transformer,0.0006282397146088132,0.030459953884143538,0.7550848302847646
