stock_id,model_name,mse,qlike,r^2
1,RandomForest,1.5162066803897317e-07,0.08448546793964395,0.5742473511933822
1,Transformer,0.0005567336514872986,0.09471686492267013,0.5548307160613499
1,WLS,1.716465608591794e-07,0.09419266065231258,0.5222129021384736
1,LSTM,1.4149808361094218e-07,0.07963792521857979,0.5818665539004824